Emp_ID,Full_Name,Age,Job_Title,Department,Business Unit,Gender,Country,Salary
E02387,Emily Davis,55,Sr. Manger,IT,Research & Development,Female,United States,99975
E04105,Theodore Dinh,59,Technical Architect,IT,Manufacturing,Male,China,163099
E02572,Luna Sanders,50,Director,Finance,Speciality Products,Female,United States,84913
E02832,Penelope Jordan,26,Computer Systems Manager,IT,Manufacturing,Female,United States,95409
E01639,Austin Vo,55,Sr. Analyst,Finance,Manufacturing,Male,United States,50994
E00644,Joshua Gupta,57,Account Representative,Sales,Corporate,Male,China,119746
E01550,Ruby Barnes,27,Manager,IT,Corporate,Female,United States,41336
E04332,Luke Martin,25,Analyst,Finance,Manufacturing,Male,United States,113527
E04533,Easton Bailey,29,Manager,Accounting,Manufacturing,Male,United States,77203
E03838,Madeline Walker,34,Sr. Analyst,Finance,Speciality Products,Female,United States,157333
E00591,Savannah Ali,36,Sr. Manger,Human Resources,Manufacturing,Female,United States,109851
E03344,Camila Rogers,27,Controls Engineer,Engineering,Speciality Products,Female,United States,105086
E00530,Eli Jones,59,Manager,Human Resources,Manufacturing,Male,United States,146742
E04239,Everleigh Ng,51,Sr. Manger,Finance,Research & Development,Female,China,97078
E03496,Robert Yang,31,Sr. Analyst,Accounting,Speciality Products,Male,United States,249270
E00549,Isabella Xi,41,Vice President,Marketing,Research & Development,Female,United States,175837
E00163,Bella Powell,65,Director,Finance,Research & Development,Female,United States,154828
E00884,Camila Silva,64,Sr. Manger,Marketing,Speciality Products,Female,United States,186503
E04116,David Barnes,64,Director,IT,Corporate,Male,United States,166331
E04625,Adam Dang,45,Director,Sales,Research & Development,Male,China,146140
E03680,Elias Alvarado,56,Sr. Manger,IT,Manufacturing,Male,Brazil,151703
E04732,Eva Rivera,36,Director,Sales,Manufacturing,Female,United States,172787
E03484,Logan Rivera,59,Director,IT,Research & Development,Male,Brazil,49998
E00671,Leonardo Dixon,37,Analyst,Sales,Speciality Products,Male,United States,207172
E02071,Mateo Her,44,Vice President,Sales,Speciality Products,Male,China,152239
E02206,Jose Henderson,41,Director,Human Resources,Speciality Products,Male,United States,98581
E04545,Abigail Mejia,56,Quality Engineer,Engineering,Corporate,Female,Brazil,246231
E00154,Wyatt Chin,43,Vice President,Engineering,Speciality Products,Male,United States,99354
E03343,Carson Lu,64,Engineering Manager,Engineering,Speciality Products,Male,China,231141
E00304,Dylan Choi,63,Vice President,IT,Corporate,Male,China,54775
E02594,Ezekiel Kumar,28,IT Coordinator,IT,Research & Development,Male,United States,55499
E00402,Dominic Guzman,65,Analyst,Finance,Manufacturing,Male,Brazil,66521
E01994,Angel Powell,61,Analyst II,Sales,Research & Development,Male,United States,59100
E03549,Mateo Vu,30,Account Representative,Sales,Speciality Products,Male,China,49011
E03247,Caroline Jenkins,27,Analyst,Finance,Research & Development,Female,United States,99575
E02074,Nora Brown,32,Enterprise Architect,IT,Manufacturing,Female,United States,99989
E04152,Adeline Huang,34,Controls Engineer,Engineering,Manufacturing,Female,China,256420
E01628,Jackson Perry,27,Vice President,Marketing,Research & Development,Male,United States,78940
E04285,Riley Padilla,35,Technical Architect,IT,Manufacturing,Female,United States,82872
E01417,Leah Pena,57,Enterprise Architect,IT,Corporate,Female,Brazil,86317
E01754,Owen Lam,30,Sr. Business Partner,Human Resources,Speciality Products,Male,China,113135
E03749,Kennedy Foster,53,Manager,Marketing,Speciality Products,Female,United States,199808
E03574,John Moore,52,Vice President,IT,Speciality Products,Male,United States,56037
E04600,William Vu,37,Account Representative,Sales,Speciality Products,Male,China,122350
E00586,Sadie Washington,29,Sr. Manger,Marketing,Research & Development,Female,United States,92952
E03538,Gabriel Holmes,40,Enterprise Architect,IT,Research & Development,Male,United States,79921
E02185,Wyatt Rojas,32,Computer Systems Manager,IT,Corporate,Male,United States,167199
E03830,Eva Coleman,37,Director,IT,Research & Development,Female,United States,71476
E03720,Dominic Clark,52,Quality Engineer,Engineering,Research & Development,Male,United States,189420
E03025,Lucy Alexander,45,Director,Engineering,Manufacturing,Female,United States,64057
E04917,Everleigh Washington,64,HRIS Analyst,Human Resources,Research & Development,Female,United States,68728
E00415,Leilani Butler,27,Analyst II,Marketing,Manufacturing,Female,United States,125633
E02862,Peyton Huang,25,Sr. Manger,IT,Manufacturing,Female,China,66889
E04207,John Contreras,35,Analyst II,Marketing,Manufacturing,Male,United States,178700
E02139,Rylee Yu,36,Director,Accounting,Research & Development,Female,United States,83990
E01797,Piper Lewis,33,Field Engineer,Engineering,Research & Development,Female,United States,102043
E01839,Stella Alexander,52,Automation Engineer,Engineering,Corporate,Female,United States,90678
E01633,Addison Do,46,Operations Engineer,Engineering,Manufacturing,Female,United States,59067
E01848,Zoey Jackson,46,Business Partner,Human Resources,Manufacturing,Female,United States,135062
E00716,John Chow,45,Sr. Manger,Marketing,Research & Development,Male,China,159044
E00699,Ava Ayala,55,Sr. Manger,IT,Corporate,Female,Brazil,74691
E00502,Natalia Salazar,44,Sr. Analyst,Accounting,Manufacturing,Female,Brazil,92753
E04000,Skylar Carrillo,44,Engineering Manager,Engineering,Corporate,Female,United States,236946
E02112,Christian Sanders,45,Vice President,Human Resources,Speciality Products,Male,United States,48906
E03824,Penelope Coleman,36,Analyst,Finance,Corporate,Female,United States,80024
E03906,Piper Richardson,38,Sr. Analyst,Sales,Corporate,Female,United States,54415
E00436,Everly Walker,41,HRIS Analyst,Human Resources,Speciality Products,Female,United States,120341
E04798,Aurora Ali,30,Manager,Marketing,Research & Development,Female,United States,208415
E01249,Penelope Guerrero,43,Vice President,IT,Speciality Products,Female,United States,78844
E03349,Anna Mehta,32,Cloud Infrastructure Architect,IT,Speciality Products,Female,United States,76354
E02966,William Foster,58,Field Engineer,Engineering,Manufacturing,Male,United States,165927
E01499,Jade Rojas,37,Director,Finance,Speciality Products,Female,United States,109812
E00105,Isla Espinoza,38,Manager,Accounting,Speciality Products,Female,Brazil,86299
E00665,David Chu,55,Controls Engineer,Engineering,Corporate,Male,United States,206624
E00791,Thomas Padilla,57,Vice President,Marketing,Research & Development,Male,Brazil,53215
E01540,Miles Salazar,36,IT Coordinator,IT,Manufacturing,Male,Brazil,86858
E04474,Mila Hong,30,Test Engineer,Engineering,Research & Development,Female,China,93971
E03417,Benjamin Moua,40,Computer Systems Manager,IT,Manufacturing,Male,China,57008
E00254,Samuel Morales,34,Analyst II,Finance,Corporate,Male,United States,141899
E02166,John Soto,60,Sr. Manger,Finance,Manufacturing,Male,United States,64847
E00935,Joseph Martin,41,Analyst II,Marketing,Corporate,Male,United States,116878
E01525,Jose Ross,53,Engineering Manager,Engineering,Research & Development,Male,United States,70505
E00386,Parker James,45,Quality Engineer,Engineering,Speciality Products,Male,United States,189702
E00416,Everleigh Fernandez,30,Director,Engineering,Research & Development,Female,Brazil,180664
E03383,Lincoln Hall,26,Director,Accounting,Speciality Products,Male,United States,48345
E01516,Willow Mai,45,Business Partner,Human Resources,Manufacturing,Female,China,152214
E01234,Jack Cheng,42,Director,Human Resources,Manufacturing,Male,China,69803
E03440,Genesis Navarro,41,Cloud Infrastructure Architect,IT,Corporate,Female,Brazil,76588
E00431,Eliza Hernandez,48,Network Architect,IT,Corporate,Female,Brazil,84596
E01258,Gabriel Brooks,29,Network Engineer,IT,Manufacturing,Male,United States,114441
E00440,Jack Huynh,27,Manager,Marketing,Research & Development,Male,China,140402
E00595,Everly Chow,33,Sr. Manger,Finance,Speciality Products,Female,China,59817
E00972,Amelia Salazar,26,Analyst II,Finance,Corporate,Female,Brazil,55854
E04562,Xavier Zheng,31,Account Representative,Sales,Manufacturing,Male,United States,95998
E02802,Matthew Chau,53,Sr. Business Partner,Human Resources,Research & Development,Male,United States,154941
E01427,Mia Cheng,34,Sr. Manger,Sales,Manufacturing,Female,United States,247022
E04568,Rylee Yu,54,Vice President,Finance,Speciality Products,Female,China,88072
E04931,Zoe Romero,32,Network Architect,IT,Manufacturing,Female,Brazil,67925
E00443,Nolan Bui,28,Computer Systems Manager,IT,Research & Development,Male,China,219693
E03890,Nevaeh Jones,31,Vice President,Sales,Manufacturing,Female,United States,61773
E01194,Samantha Adams,45,Test Engineer,Engineering,Research & Development,Female,United States,74546
E02875,Madeline Shin,48,Computer Systems Manager,IT,Speciality Products,Female,United States,62575
E04959,Noah King,56,Development Engineer,Engineering,Speciality Products,Male,United States,199041
E03816,Leilani Chow,27,Director,Human Resources,Corporate,Female,China,52310
E01261,Connor Simmons,55,Analyst II,Accounting,Speciality Products,Male,United States,159571
E03612,Grayson Cooper,64,Sr. Manger,Finance,Speciality Products,Male,United States,91763
E01388,Ivy Soto,50,Field Engineer,Engineering,Research & Development,Female,United States,96475
E03875,Aurora Simmons,51,Development Engineer,Engineering,Corporate,Female,United States,113781
E04413,Andrew Thomas,36,Controls Engineer,Engineering,Manufacturing,Male,United States,166599
E00691,Ezekiel Desai,42,Director,Finance,Research & Development,Male,United States,95372
E03047,Gabriella Gupta,41,Sr. Account Representative,Sales,Corporate,Female,China,161203
E04903,Skylar Liu,29,Director,IT,Research & Development,Female,China,74738
E04735,Nova Coleman,44,System Administrator ,IT,Manufacturing,Female,United States,171173
E02850,Evelyn Dinh,41,Director,Sales,Research & Development,Female,United States,201464
E03583,Brooks Marquez,61,Vice President,Sales,Corporate,Male,United States,174895
E02017,Connor Joseph,50,Director,Human Resources,Corporate,Male,United States,134486
E01642,Mia Lam,49,Sr. Manger,IT,Manufacturing,Female,United States,71699
E04379,Scarlett Rodriguez,60,Sr. Analyst,Finance,Manufacturing,Female,Brazil,94430
E04131,Cora Rivera,42,Sr. Analyst,Marketing,Corporate,Female,United States,103504
E02872,Liam Jung,39,Manager,Finance,Corporate,Male,China,92771
E02331,Sophia Huynh,55,Enterprise Architect,IT,Manufacturing,Female,United States,71531
E00417,Athena Carrillo,39,Analyst II,Finance,Speciality Products,Female,United States,90304
E04267,Greyson Sanders,28,Cloud Infrastructure Architect,IT,Speciality Products,Male,United States,104903
E03061,Vivian Lewis,65,Manager,Marketing,Manufacturing,Female,United States,55859
E00013,Elena Vang,52,Analyst,Finance,Corporate,Female,China,79785
E04265,Natalia Diaz,62,Operations Engineer,Engineering,Corporate,Female,United States,99017
E04769,Mila Leung,39,Sr. Analyst,Marketing,Corporate,Female,China,53809
E03042,Ava Nelson,63,Systems Analyst,IT,Manufacturing,Female,United States,71864
E00527,Mateo Chu,27,Field Engineer,Engineering,Speciality Products,Male,China,225558
E01095,Isla Lai,37,Vice President,Finance,Corporate,Female,China,128984
E03131,Ezekiel Reed,37,Sr. Manger,IT,Manufacturing,Male,United States,96997
E01713,Nolan Guzman,46,Field Engineer,Engineering,Speciality Products,Male,Brazil,176294
E00128,Everleigh Espinoza,54,Director,Human Resources,Manufacturing,Female,United States,48340
E03849,Evelyn Jung,30,Analyst,Sales,Research & Development,Female,China,240488
E02464,Sophie Silva,28,Vice President,Engineering,Corporate,Female,Brazil,97339
E00306,Mateo Williams,40,Enterprise Architect,IT,Manufacturing,Male,United States,211291
E03737,Kennedy Rahman,49,Vice President,Human Resources,Manufacturing,Female,China,249506
E02783,Levi Mendez,39,Vice President,Sales,Research & Development,Male,Brazil,80950
E02939,Julian Fong,61,Quality Engineer,Engineering,Speciality Products,Male,China,86538
E02706,Nevaeh Kang,46,Automation Engineer,Engineering,Research & Development,Female,China,70992
E00170,Hannah Nelson,35,Sr. Analyst,Marketing,Speciality Products,Female,United States,205314
E01425,Anthony Rogers,33,Vice President,Engineering,Corporate,Male,United States,196951
E00130,Paisley Kang,61,Vice President,Human Resources,Corporate,Female,China,67686
E02094,Matthew Gupta,45,Network Engineer,IT,Speciality Products,Male,China,86431
E03567,Silas Chavez,51,Technical Architect,IT,Research & Development,Male,United States,125936
E04682,Colton Thao,55,Manager,Human Resources,Manufacturing,Male,China,149712
E00957,Genesis Perry,46,Sr. Manger,Sales,Corporate,Female,United States,88758
E04458,Alexander Bryant,30,Field Engineer,Engineering,Speciality Products,Male,United States,83639
E01499,Elias Zhang,54,Solutions Architect,IT,Research & Development,Male,China,68268
E00521,Lily Carter,54,Network Architect,IT,Research & Development,Female,United States,75819
E03717,Joseph Ruiz,45,Field Engineer,Engineering,Manufacturing,Male,Brazil,86658
E01533,Avery Bailey,49,Sr. Analyst,Sales,Speciality Products,Female,United States,74552
E04449,Miles Hsu,55,Analyst II,Finance,Research & Development,Male,China,82839
E02855,Piper Cheng,62,Enterprise Architect,IT,Manufacturing,Female,United States,64475
E00816,Skylar Watson,28,Network Architect,IT,Speciality Products,Female,United States,69453
E02283,Jaxon Park,33,Network Architect,IT,Manufacturing,Male,China,127148
E04888,Elijah Henry,32,Manager,IT,Corporate,Male,United States,190253
E03907,Camila Watson,32,Vice President,Finance,Speciality Products,Female,United States,115798
E02166,Lucas Thomas,55,Manager,Accounting,Research & Development,Male,United States,93102
E00431,Skylar Doan,58,Sr. Business Partner,Human Resources,Research & Development,Female,United States,110054
E01501,Hudson Liu,34,Engineering Manager,Engineering,Speciality Products,Male,United States,95786
E01141,Gianna Williams,27,Quality Engineer,Engineering,Research & Development,Female,United States,90855
E02254,Jaxson Sandoval,61,Sr. Analyst,Sales,Speciality Products,Male,Brazil,92897
E04504,Jameson Alvarado,47,Enterprise Architect,IT,Manufacturing,Male,Brazil,242919
E03394,Joseph Ly,40,Vice President,Marketing,Speciality Products,Male,China,184368
E02942,Daniel Richardson,30,Director,Engineering,Speciality Products,Male,United States,144754
E04130,Elias Figueroa,45,Sr. Manger,Finance,Corporate,Male,United States,89458
E02848,Emma Brooks,30,Sr. Account Representative,Sales,Research & Development,Female,United States,190815
E00085,Isla Wong,56,Vice President,Accounting,Corporate,Female,United States,137995
E03956,Everly Walker,62,Sr. Manger,Sales,Research & Development,Female,United States,93840
E00672,Mila Pena,45,Sr. Business Partner,Human Resources,Manufacturing,Female,Brazil,94790
E04618,Mason Zhao,46,Technical Architect,IT,Research & Development,Male,China,197367
E03506,Jaxson Mai,48,Vice President,Human Resources,Research & Development,Male,United States,174097
E00568,Ava Garza,27,Director,Accounting,Manufacturing,Female,United States,120128
E00535,Nathan Mendez,53,Manager,IT,Speciality Products,Male,United States,129708
E04630,Maria Griffin,59,Manager,Marketing,Manufacturing,Female,United States,102270
E00874,Alexander Choi,55,Manager,Marketing,Research & Development,Male,United States,249686
E01546,Maria Hong,43,Vice President,Finance,Speciality Products,Female,China,50475
E00941,Sophie Ali,55,Analyst,Finance,Manufacturing,Female,United States,100099
E03446,Julian Ross,51,Manager,Marketing,Research & Development,Male,United States,41673
E01361,Emma Hill,54,IT Coordinator,IT,Manufacturing,Female,United States,70996
E01631,Leilani Yee,47,Sr. Analyst,Marketing,Speciality Products,Female,China,40752
E03719,Jack Brown,55,Analyst,Marketing,Corporate,Male,United States,97537
E03269,Charlotte Chu,50,Network Engineer,IT,Manufacturing,Female,China,96567
E01037,Jeremiah Chu,31,IT Systems Architect,IT,Research & Development,Male,China,49404
E00671,Miles Cho,47,Systems Analyst,IT,Speciality Products,Male,China,66819
E02216,Caleb Marquez,29,IT Systems Architect,IT,Research & Development,Male,Brazil,50784
E02803,Eli Soto,38,Analyst,Marketing,Speciality Products,Male,Brazil,125828
E01584,Carter Mejia,29,Sr. Manger,Human Resources,Research & Development,Male,Brazil,92610
E02489,Ethan Clark,33,Sr. Business Partner,Human Resources,Manufacturing,Male,United States,123405
E03189,Asher Jackson,50,Sr. Manger,Sales,Speciality Products,Male,United States,73004
E03560,Ayla Ng,46,Account Representative,Sales,Manufacturing,Female,China,95061
E00769,Jose Kang,57,Engineering Manager,Engineering,Corporate,Male,China,160832
E02791,Aubrey Romero,49,Director,Sales,Corporate,Female,United States,64417
E02333,Jaxson Wright,54,Service Desk Analyst,IT,Manufacturing,Male,United States,127543
E01002,Elias Ali,28,Manager,Sales,Corporate,Male,China,56154
E03520,Nolan Pena,30,Analyst,Marketing,Manufacturing,Male,Brazil,218530
E00752,Luna Liu,36,Vice President,Sales,Manufacturing,Female,China,91954
E00233,Brooklyn Reyes,36,Service Desk Analyst,IT,Manufacturing,Female,United States,221217
E02639,Hadley Parker,30,Vice President,Marketing,Corporate,Female,United States,87536
E00697,Jonathan Chavez,29,System Administrator ,IT,Manufacturing,Male,United States,41429
E02183,Sarah Ayala,47,Analyst,Sales,Corporate,Female,United States,245482
E00715,Elijah Kang,35,Vice President,Engineering,Manufacturing,Male,United States,71359
E04288,Ella White,25,Development Engineer,Engineering,Manufacturing,Female,United States,183161
E02421,Jordan Truong,45,Director,Engineering,Speciality Products,Male,United States,69260
E00523,Daniel Jordan,58,Network Administrator,IT,Corporate,Male,United States,95639
E03615,Daniel Dixon,51,Operations Engineer,Engineering,Speciality Products,Male,United States,120660
E02761,Luca Duong,48,Manager,Human Resources,Research & Development,Male,China,75119
E02121,Levi Brown,36,Sr. Analyst,Sales,Corporate,Male,United States,192213
E01486,Mason Cho,59,Vice President,Accounting,Research & Development,Male,United States,65047
E00725,Nova Herrera,45,Account Representative,Sales,Speciality Products,Female,Brazil,151413
E03027,Elijah Watson,29,Sr. Manger,Sales,Manufacturing,Male,United States,76906
E03689,Wesley Gray,62,Sr. Analyst,Accounting,Speciality Products,Male,United States,122802
E01986,Wesley Sharma,51,Manager,IT,Corporate,Male,China,99091
E01286,Mateo Mendez,47,Development Engineer,Engineering,Research & Development,Male,United States,113987
E01409,Jose Molina,40,Controls Engineer,Engineering,Manufacturing,Male,Brazil,95045
E00626,Luna Simmons,28,Sr. Analyst,Finance,Corporate,Female,United States,190401
E04342,Samantha Barnes,29,Vice President,Marketing,Speciality Products,Female,United States,86061
E03904,Hunter Ortiz,46,Sr. Analyst,Finance,Corporate,Male,Brazil,79882
E01291,Thomas Aguilar,45,Sr. Account Representative,Sales,Speciality Products,Male,United States,255431
E00917,Skylar Bell,30,Vice President,Engineering,Manufacturing,Female,United States,82017
E01484,Anna Zhu,48,Service Desk Analyst,IT,Manufacturing,Female,China,53799
E03864,Ella Hunter,51,Analyst,Finance,Manufacturing,Female,United States,82739
E00488,Emery Hunter,28,Sr. Analyst,Sales,Corporate,Female,United States,99080
E02227,Sofia Parker,36,Cloud Infrastructure Architect,IT,Manufacturing,Female,United States,96719
E04802,Lucy Fong,40,Sr. Account Representative,Sales,Corporate,Female,China,180687
E01970,Vivian Barnes,51,Director,Human Resources,Research & Development,Female,United States,95743
E02813,Kai Chow,45,Engineering Manager,Engineering,Corporate,Male,United States,89695
E02031,Melody Cooper,44,Development Engineer,Engineering,Research & Development,Female,United States,122753
E03252,James Bui,64,Manager,Finance,Manufacturing,Male,China,93734
E04871,Liam Grant,30,Sr. Business Partner,Human Resources,Research & Development,Male,United States,52069
E03547,Owen Han,28,Analyst,Accounting,Corporate,Male,China,258426
E04742,Kinsley Vega,33,Vice President,Accounting,Corporate,Female,Brazil,125375
E01070,Leonardo Martin,51,Manager,Finance,Speciality Products,Male,United States,198243
E04359,Greyson Lam,25,Vice President,Accounting,Manufacturing,Male,United States,96023
E03268,Emilia Rivera,42,Test Engineer,Engineering,Research & Development,Female,United States,83066
E04035,Penelope Johnson,34,Sr. Analyst,Marketing,Research & Development,Female,United States,61216
E01221,Eva Figueroa,48,Analyst II,Sales,Research & Development,Female,United States,144231
E00276,Ezekiel Jordan,33,Sr. Manger,Accounting,Corporate,Male,United States,51630
E01687,Luke Mai,41,HRIS Analyst,Human Resources,Research & Development,Male,China,124129
E02844,Charles Diaz,55,Sr. Manger,Sales,Corporate,Male,Brazil,60055
E01263,Adam Espinoza,36,Test Engineer,Engineering,Manufacturing,Male,United States,189290
E00119,Jack Maldonado,31,Director,Engineering,Research & Development,Male,Brazil,182202
E03935,Cora Jiang,53,Vice President,IT,Corporate,Female,United States,117518
E00742,Cooper Mitchell,43,Manager,Sales,Speciality Products,Male,United States,157474
E02810,Layla Torres,37,Sr. Manger,Finance,Manufacturing,Female,Brazil,126856
E01860,Jack Edwards,38,Manager,Marketing,Manufacturing,Male,United States,129124
E04890,Eleanor Chan,49,Sr. Manger,Accounting,Manufacturing,Female,China,165181
E02285,Aria Xi,45,Director,Sales,Research & Development,Female,United States,247939
E00842,John Vega,50,Vice President,Finance,Corporate,Male,Brazil,169509
E01271,Luke Munoz,64,Director,Engineering,Speciality Products,Male,Brazil,138521
E01921,Sarah Daniels,55,Sr. Manger,Accounting,Manufacturing,Female,United States,113873
E03664,Aria Castro,45,Engineering Manager,Engineering,Speciality Products,Female,Brazil,73317
E00813,Autumn Joseph,39,Enterprise Architect,IT,Corporate,Female,United States,69096
E00870,Evelyn Liang,40,Service Desk Analyst,IT,Speciality Products,Female,United States,87158
E04167,Henry Alvarez,48,Sr. Business Partner,Human Resources,Manufacturing,Male,Brazil,70778
E00245,Benjamin Delgado,64,Test Engineer,Engineering,Corporate,Male,United States,153938
E00976,Zoe Rodriguez,65,Director,Human Resources,Speciality Products,Female,United States,59888
E04112,Axel Chu,43,Systems Analyst,IT,Research & Development,Male,China,63098
E01807,Cameron Evans,50,Test Engineer,Engineering,Corporate,Male,United States,255369
E04103,Isabella Soto,27,Vice President,Finance,Corporate,Female,Brazil,142318
E01412,Eva Jenkins,55,Sr. Manger,Human Resources,Manufacturing,Female,United States,49186
E04386,Cameron Powell,41,Business Partner,Human Resources,Manufacturing,Male,United States,220937
E01232,Samantha Foster,34,Vice President,Human Resources,Research & Development,Female,United States,183156
E04572,Jade Li,47,Director,IT,Speciality Products,Female,United States,192749
E02747,Kinsley Acosta,32,Vice President,IT,Speciality Products,Female,United States,135325
E01064,Clara Kang,39,Sr. Manger,IT,Manufacturing,Female,United States,79356
E00178,Harper Alexander,26,Sr. Analyst,Sales,Speciality Products,Female,United States,74412
E01091,Carter Reed,40,Development Engineer,Engineering,Manufacturing,Male,United States,61886
E01525,Charlotte Ruiz,32,Computer Systems Manager,IT,Manufacturing,Female,Brazil,173071
E01309,Everleigh Jiang,58,Director,Accounting,Research & Development,Female,United States,70189
E02378,Audrey Smith,58,Field Engineer,Engineering,Research & Development,Female,United States,181452
E04127,Emery Acosta,42,Vice President,Sales,Research & Development,Female,United States,70369
E02072,Charles Robinson,26,HRIS Analyst,Human Resources,Speciality Products,Male,United States,78056
E02555,Landon Lopez,38,Sr. Analyst,Accounting,Manufacturing,Male,Brazil,189933
E00187,Miles Mehta,64,Director,Finance,Research & Development,Male,United States,78237
E04332,Ezra Simmons,38,Automation Engineer,Engineering,Speciality Products,Male,United States,48687
E02062,Nora Santiago,55,Analyst,Accounting,Research & Development,Female,Brazil,121065
E00034,Caroline Herrera,45,Sr. Manger,Marketing,Manufacturing,Female,Brazil,94246
E00273,David Owens,43,Sr. Analyst,Sales,Corporate,Male,United States,44614
E00691,Avery Yee,34,Systems Analyst,IT,Manufacturing,Female,United States,234469
E01403,Xavier Park,40,Vice President,IT,Research & Development,Male,China,88272
E03438,Asher Morales,52,Automation Engineer,Engineering,Research & Development,Male,Brazil,74449
E04136,Mason Cao,52,Analyst II,Finance,Corporate,Male,China,222941
E02944,Joshua Fong,47,Vice President,Engineering,Speciality Products,Male,China,50341
E03300,Maria Chin,65,Analyst,Marketing,Manufacturing,Female,China,72235
E00078,Eva Garcia,31,HRIS Analyst,Human Resources,Corporate,Female,Brazil,70165
E00825,Anna Molina,41,Sr. Analyst,Accounting,Corporate,Female,United States,148485
E04972,Logan Bryant,30,Sr. Manger,Marketing,Speciality Products,Male,United States,86089
E03941,Isla Han,58,Technical Architect,IT,Manufacturing,Female,United States,106313
E02148,Christopher Vega,54,Engineering Manager,Engineering,Research & Development,Male,United States,46833
E02252,Lillian Park,40,Analyst,Marketing,Research & Development,Female,China,155320
E03096,Kennedy Zhang,63,Director,Finance,Research & Development,Female,China,89984
E04800,Eli Han,40,Sr. Analyst,Accounting,Manufacturing,Male,China,83756
E02838,Julia Pham,65,Engineering Manager,Engineering,Speciality Products,Female,China,176324
E02980,Hailey Shin,57,Director,Human Resources,Corporate,Female,China,74077
E04477,Connor Grant,27,Sr. Analyst,Accounting,Speciality Products,Male,United States,104162
E04348,Natalia Owens,31,Manager,Human Resources,Manufacturing,Female,United States,82162
E01638,Maria He,45,IT Systems Architect,IT,Corporate,Female,China,63880
E03419,Jade Yi,47,Account Representative,Sales,Speciality Products,Female,China,73248
E04222,Quinn Xiong,55,Test Engineer,Engineering,Research & Development,Female,United States,91853
E04126,Dominic Baker,51,Sr. Analyst,Accounting,Manufacturing,Male,United States,168014
E01896,Adam Nelson,25,Director,Finance,Speciality Products,Male,United States,70770
E03018,Autumn Reed,37,Development Engineer,Engineering,Corporate,Female,United States,50825
E03325,Robert Edwards,62,HRIS Analyst,Human Resources,Corporate,Male,United States,145846
E04037,Roman Martinez,31,Sr. Manger,Finance,Research & Development,Male,Brazil,125807
E01902,Eleanor Li,64,Sr. Manger,Human Resources,Research & Development,Female,United States,46845
E01466,Connor Vang,25,Analyst,Sales,Speciality Products,Male,United States,157969
E02038,Ellie Chung,59,Sr. Manger,Marketing,Corporate,Female,China,97807
E03474,Violet Hall,40,Solutions Architect,IT,Corporate,Female,United States,73854
E02744,Dylan Padilla,31,HRIS Analyst,Human Resources,Manufacturing,Male,United States,149537
E00702,Nathan Pham,45,Sr. Manger,Accounting,Manufacturing,Male,United States,128303
E03081,Ayla Brown,49,Sr. Manger,Sales,Manufacturing,Female,United States,67374
E01281,Isaac Mitchell,46,Network Architect,IT,Speciality Products,Male,United States,102167
E04029,Jayden Jimenez,46,Manager,Human Resources,Corporate,Male,Brazil,151027
E01116,Jaxon Tran,45,Sr. Manger,Sales,Manufacturing,Male,China,120905
E01753,Connor Fong,40,Manager,Accounting,Speciality Products,Male,United States,231567
E04072,Emery Mitchell,48,Vice President,Finance,Manufacturing,Female,United States,215388
E00672,Landon Luu,31,Vice President,IT,Research & Development,Male,United States,127972
E04419,Sophia Ahmed,30,Sr. Manger,Sales,Speciality Products,Female,United States,80701
E00467,Sofia Dinh,55,Operations Engineer,Engineering,Corporate,Female,United States,115417
E00365,Jonathan Patel,28,Manager,Marketing,Corporate,Male,China,88045
E00306,Piper Patterson,45,Quality Engineer,Engineering,Corporate,Female,United States,86478
E03292,Cora Evans,45,Computer Systems Manager,IT,Speciality Products,Female,United States,180994
E04779,Cameron Young,63,Vice President,Engineering,Manufacturing,Male,United States,64494
E00501,Melody Ho,55,Analyst II,Finance,Research & Development,Female,United States,70122
E01132,Aiden Bryant,47,Account Representative,Sales,Manufacturing,Male,United States,181854
E00556,Grayson Walker,29,Director,Accounting,Manufacturing,Male,United States,52811
E00311,Scarlett Figueroa,34,Business Partner,Human Resources,Speciality Products,Female,United States,50111
E04567,Madeline Hoang,28,Systems Analyst,IT,Research & Development,Female,China,71192
E04378,Ezra Simmons,31,Network Administrator,IT,Manufacturing,Male,United States,155351
E03251,Ruby Medina,50,Director,Sales,Manufacturing,Female,United States,161690
E03167,Luke Zheng,39,Director,Human Resources,Speciality Products,Male,China,60132
E03347,Rylee Dinh,35,Development Engineer,Engineering,Speciality Products,Female,China,87216
E03908,Miles Evans,54,Network Architect,IT,Manufacturing,Male,United States,50069
E01351,Leo Owens,47,Systems Analyst,IT,Corporate,Male,United States,151108
E02681,Caroline Owens,26,Director,IT,Speciality Products,Female,United States,67398
E03807,Kennedy Do,42,Computer Systems Manager,IT,Manufacturing,Female,United States,68488
E00422,Jade Acosta,47,Development Engineer,Engineering,Research & Development,Female,United States,92932
E00265,Mila Vasquez,60,Quality Engineer,Engineering,Manufacturing,Female,United States,43363
E04601,Allison Ayala,36,Analyst,Finance,Corporate,Female,United States,95963
E04816,Jace Zhang,31,Service Desk Analyst,IT,Speciality Products,Male,China,111038
E02147,Allison Medina,55,Manager,Finance,Speciality Products,Female,Brazil,200246
E02914,Maria Wilson,51,Vice President,Engineering,Research & Development,Female,United States,194871
E03268,Everly Coleman,48,Vice President,IT,Corporate,Female,United States,98769
E03972,Jordan Gomez,58,Sr. Analyst,Accounting,Research & Development,Male,Brazil,65334
E02189,Isla Chavez,29,Account Representative,Sales,Research & Development,Female,Brazil,83934
E04290,Hannah Gomez,25,Technical Architect,IT,Manufacturing,Female,United States,150399
E03630,Jacob Davis,36,Director,Accounting,Research & Development,Male,United States,160280
E00432,Eli Gupta,37,Director,Human Resources,Research & Development,Male,China,54051
E03045,Andrew Huynh,57,Business Partner,Human Resources,Speciality Products,Male,United States,150699
E01924,Anna Gutierrez,59,Director,Engineering,Research & Development,Female,Brazil,69570
E04877,Samuel Vega,37,Analyst II,Marketing,Speciality Products,Male,United States,86774
E02770,Liliana Do,30,Service Desk Analyst,IT,Manufacturing,Female,China,57606
E04590,Isaac Sanders,49,HRIS Analyst,Human Resources,Manufacturing,Male,United States,125730
E01977,Raelynn Gupta,48,Sr. Manger,Finance,Corporate,Female,China,64170
E01378,Genesis Xiong,51,System Administrator ,IT,Research & Development,Female,United States,72303
E04224,Lucas Ramos,56,Sr. Business Partner,Human Resources,Speciality Products,Male,United States,105891
E03423,Santiago f Gonzalez,36,Manager,Sales,Research & Development,Male,United States,255230
E01584,Henry Zhu,38,Vice President,Marketing,Speciality Products,Male,United States,59591
E00788,Emily Contreras,56,Analyst II,Sales,Manufacturing,Female,Brazil,187048
E00207,Hailey Lai,52,Vice President,Human Resources,Manufacturing,Female,China,58605
E00834,Vivian Guzman,53,Analyst II,Finance,Speciality Products,Female,United States,178502
E04571,Hadley Contreras,60,Director,Engineering,Corporate,Female,United States,103724
E02652,Nathan Sun,63,Manager,Accounting,Speciality Products,Male,China,156277
E02693,Grace Campos,37,Director,Engineering,Research & Development,Female,Brazil,87744
E03359,Autumn Ortiz,30,Field Engineer,Engineering,Research & Development,Female,Brazil,54714
E00399,Connor Walker,30,Analyst II,Finance,Manufacturing,Male,United States,99169
E02971,Mia Wu,45,Enterprise Architect,IT,Corporate,Female,China,142628
E03327,Julia Luong,55,Sr. Manger,Accounting,Research & Development,Female,China,75869
E00900,Eleanor Delgado,33,Sr. Analyst,Marketing,Manufacturing,Female,Brazil,60985
E00836,Addison Roberts,65,Network Architect,IT,Manufacturing,Female,United States,126911
E03854,Camila Li,60,Sr. Manger,IT,Research & Development,Female,China,216949
E04729,Ezekiel Fong,56,Vice President,Sales,Research & Development,Male,China,168510
E00360,Dylan Thao,53,Director,Engineering,Manufacturing,Male,United States,85870
E02284,Josephine Salazar,36,Field Engineer,Engineering,Speciality Products,Female,Brazil,86510
E00181,Genesis Hu,46,Sr. Analyst,Marketing,Corporate,Female,China,119647
E04168,Mila Juarez,38,Manager,Sales,Speciality Products,Female,Brazil,80921
E02861,Daniel Perry,62,Enterprise Architect,IT,Research & Development,Male,United States,98110
E01357,Paisley Hunter,61,Engineering Manager,Engineering,Research & Development,Female,United States,86831
E04387,Everleigh White,59,Network Architect,IT,Speciality Products,Female,United States,72826
E03090,Penelope Choi,49,Technical Architect,IT,Speciality Products,Female,China,171217
E03591,Piper Sun,64,Director,Marketing,Manufacturing,Female,United States,103058
E03328,Lucy Johnson,57,Manager,IT,Research & Development,Female,United States,117062
E04937,Ian Ngo,52,Manager,Sales,Speciality Products,Male,United States,159031
E00515,Joseph Vazquez,40,Sr. Manger,Accounting,Speciality Products,Male,United States,125086
E01241,Hadley Guerrero,49,Sr. Manger,IT,Research & Development,Female,Brazil,67976
E03255,Jose Brown,43,System Administrator ,IT,Speciality Products,Male,United States,74215
E01711,Benjamin Ford,31,Analyst II,Finance,Speciality Products,Male,United States,187389
E00500,Henry Shah,55,Director,Accounting,Manufacturing,Male,China,131841
E04972,Ivy Daniels,41,Sr. Manger,Human Resources,Speciality Products,Female,United States,97231
E02728,Thomas Chang,34,Sr. Analyst,Accounting,Research & Development,Male,China,155004
E04749,Caroline Phan,41,Sr. Manger,Finance,Corporate,Female,United States,41859
E02023,Maverick Mehta,40,Systems Analyst,IT,Manufacturing,Male,United States,52733
E03166,Austin Edwards,42,IT Coordinator,IT,Manufacturing,Male,United States,250953
E02599,Daniel Huang,31,Vice President,Human Resources,Corporate,Male,United States,191807
E01014,Lucas Phan,49,Director,Marketing,Research & Development,Male,China,64677
E04529,Gabriel Yu,42,Technical Architect,IT,Speciality Products,Male,China,130274
E00085,Mason Watson,46,Sr. Manger,IT,Corporate,Male,United States,96331
E00632,Angel Chang,37,Network Architect,IT,Research & Development,Male,China,150758
E02108,Madeline Coleman,51,Sr. Manger,Finance,Research & Development,Female,United States,173629
E03802,Thomas Vazquez,46,Director,Engineering,Corporate,Male,Brazil,62174
E03685,Silas Hunter,55,Solutions Architect,IT,Corporate,Male,United States,56555
E01089,Nicholas Brooks,43,Analyst II,Accounting,Manufacturing,Male,United States,74655
E03988,Dominic Thomas,48,Analyst II,Marketing,Manufacturing,Male,United States,93017
E00401,Wesley Adams,48,System Administrator ,IT,Corporate,Male,United States,82300
E03429,Ian Wu,51,Sr. Analyst,Marketing,Manufacturing,Male,China,91621
E02417,Alice Young,46,Automation Engineer,Engineering,Research & Development,Female,United States,91280
E00359,Logan Carrillo,33,Sr. Analyst,Marketing,Research & Development,Male,United States,47071
E02044,Caroline Alexander,42,Business Partner,Human Resources,Manufacturing,Female,United States,81218
E01479,Serenity Bailey,55,IT Systems Architect,IT,Manufacturing,Female,United States,181801
E04962,Elena Tan,50,Vice President,Engineering,Manufacturing,Female,China,63137
E02769,Eliza Adams,26,Account Representative,Sales,Manufacturing,Female,United States,221465
E03893,Alice Xiong,55,Vice President,Engineering,Manufacturing,Female,China,79388
E00553,Isla Yoon,50,Quality Engineer,Engineering,Research & Development,Female,United States,68176
E03540,Emma Perry,28,Solutions Architect,IT,Manufacturing,Female,United States,122829
E02769,Riley Marquez,39,Sr. Manger,Finance,Research & Development,Female,United States,126353
E03277,Caroline Hu,31,Sr. Manger,Marketing,Speciality Products,Female,China,188727
E04194,Madison Kumar,55,Director,Accounting,Speciality Products,Female,China,99624
E01807,Matthew Lim,52,Sr. Analyst,Sales,Research & Development,Male,United States,108686
E01762,Maya Ngo,55,Manager,Sales,Speciality Products,Female,United States,50857
E02632,Alice Soto,56,Analyst,Accounting,Corporate,Female,Brazil,120628
E04226,Andrew Moore,47,Operations Engineer,Engineering,Manufacturing,Male,United States,181216
E04101,Olivia Harris,63,Director,Sales,Speciality Products,Female,United States,46081
E01981,Genesis Banks,63,Analyst,Finance,Corporate,Female,United States,159885
E02534,Victoria Johnson,55,Sr. Manger,Accounting,Corporate,Female,United States,153271
E01238,Eloise Griffin,55,Director,Sales,Manufacturing,Female,United States,114242
E01118,Roman Yang,42,Manager,Human Resources,Manufacturing,Male,United States,48415
E04041,Clara Huynh,39,IT Coordinator,IT,Speciality Products,Female,China,65566
E04308,Kai Flores,35,Development Engineer,Engineering,Manufacturing,Male,United States,147752
E01052,Jaxson Dinh,45,Sr. Manger,Marketing,Research & Development,Male,China,136810
E04165,Sophie Vang,25,Sr. Manger,Marketing,Manufacturing,Female,China,54635
E02295,Axel Jordan,47,Analyst,Sales,Corporate,Male,United States,96636
E04546,Jade Hunter,42,Cloud Infrastructure Architect,IT,Corporate,Female,United States,91592
E04217,Lydia Williams,35,System Administrator ,IT,Manufacturing,Female,United States,55563
E00650,Emery Chang,45,Business Partner,Human Resources,Research & Development,Female,China,159724
E00344,Savannah He,52,Director,IT,Research & Development,Female,China,183190
E04645,Elias Ahmed,57,Vice President,Marketing,Corporate,Male,United States,54829
E03880,Samantha Woods,56,Analyst,Accounting,Speciality Products,Female,United States,96639
E02730,Axel Soto,46,Quality Engineer,Engineering,Corporate,Male,Brazil,117278
E04517,Amelia Choi,43,Manager,Marketing,Speciality Products,Female,United States,84193
E00965,Jacob Khan,53,Computer Systems Manager,IT,Speciality Products,Male,China,87806
E04639,Luna Taylor,47,Network Administrator,IT,Manufacturing,Female,United States,63959
E00465,Dominic Parker,62,Test Engineer,Engineering,Research & Development,Male,United States,234723
E03058,Angel Xiong,35,Vice President,IT,Research & Development,Male,China,50809
E02337,Emma Cao,27,Analyst,Accounting,Corporate,Female,China,77396
E04927,Ezekiel Bryant,55,Sr. Analyst,Finance,Manufacturing,Male,United States,89523
E03799,Natalie Hwang,63,Sr. Analyst,Finance,Speciality Products,Female,United States,86173
E04538,Adeline Yang,53,Cloud Infrastructure Architect,IT,Corporate,Female,China,222224
E02633,Allison Roberts,54,Vice President,Sales,Manufacturing,Female,United States,146140
E02965,Andrew Do,43,Sr. Manger,Finance,Research & Development,Male,United States,109456
E04345,Eliana Grant,64,Engineering Manager,Engineering,Speciality Products,Female,United States,170221
E02895,Mila Soto,65,Director,Finance,Research & Development,Female,Brazil,97433
E01132,Gabriella Johnson,42,Computer Systems Manager,IT,Research & Development,Female,United States,59646
E00758,Jonathan Khan,35,Account Representative,Sales,Manufacturing,Male,China,158787
E03750,Elias Dang,64,Director,Engineering,Speciality Products,Male,China,83378
E00144,Theodore Ngo,55,Controls Engineer,Engineering,Research & Development,Male,China,88895
E02943,Bella Lopez,32,Sr. Analyst,Marketing,Corporate,Female,United States,168846
E03901,Luca Truong,45,Director,Marketing,Corporate,Male,China,43336
E03461,Nathan Lau,35,Business Partner,Human Resources,Research & Development,Male,United States,127801
E03490,Henry Campos,38,Sr. Manger,Human Resources,Corporate,Male,United States,76352
E04466,Connor Bell,54,Network Administrator,IT,Corporate,Male,United States,250767
E03226,Angel Stewart,28,Vice President,Finance,Corporate,Male,United States,223055
E04607,Landon Brown,26,Vice President,Marketing,Corporate,Male,United States,189680
E02678,Nicholas Rivera,45,Director,Engineering,Corporate,Male,Brazil,71167
E02190,Gabriel Carter,57,Test Engineer,Engineering,Manufacturing,Male,United States,76027
E00747,Leilani Baker,59,Technical Architect,IT,Speciality Products,Female,United States,183113
E00268,Ian Flores,48,Director,Engineering,Corporate,Male,Brazil,67753
E01416,Hudson Thompson,30,Analyst II,Accounting,Manufacturing,Male,United States,63744
E01524,Ian Miller,31,Computer Systems Manager,IT,Corporate,Male,United States,92209
E03849,Harper Chin,50,Quality Engineer,Engineering,Manufacturing,Female,China,157487
E02801,Santiago f Brooks,51,Sr. Manger,Sales,Corporate,Male,United States,99697
E04155,Dylan Dominguez,42,Sr. Analyst,Marketing,Research & Development,Male,Brazil,90770
E01952,Everett Lee,45,Network Administrator,IT,Research & Development,Male,United States,55369
E00116,Madelyn Mehta,64,Analyst,Sales,Speciality Products,Female,United States,69578
E04811,Athena Vasquez,59,Field Engineer,Engineering,Speciality Products,Female,Brazil,167526
E00624,William Watson,41,Director,Accounting,Speciality Products,Male,United States,65507
E03404,Everleigh Nunez,42,Field Engineer,Engineering,Speciality Products,Female,Brazil,108268
E01845,Leo Fernandez,54,Manager,Finance,Research & Development,Male,Brazil,80055
E04784,Joshua Lin,37,Technical Architect,IT,Research & Development,Male,China,76802
E00145,Alexander Rivera,58,Sr. Analyst,Sales,Research & Development,Male,Brazil,253249
E00218,David Desai,47,Vice President,Sales,Speciality Products,Male,United States,78388
E02185,Aubrey Yoon,60,Sr. Business Partner,Human Resources,Research & Development,Female,China,249870
E01070,Grayson Brown,38,Vice President,IT,Corporate,Male,United States,148321
E03807,Noah Chen,63,Sr. Manger,Marketing,Manufacturing,Male,China,90258
E00784,Ella Nguyen,60,Service Desk Analyst,IT,Corporate,Female,China,72486
E04925,Athena Jordan,42,System Administrator ,IT,Manufacturing,Female,United States,95499
E04448,Adrian Ruiz,34,Sr. Analyst,Finance,Corporate,Male,Brazil,90212
E04817,Zoe Sanchez,53,Sr. Analyst,Accounting,Research & Development,Female,Brazil,254057
E00325,Jameson Chen,39,Vice President,Marketing,Research & Development,Male,China,43001
E00403,Liliana Soto,58,Business Partner,Human Resources,Manufacturing,Female,United States,85120
E00436,Lincoln Reyes,60,Computer Systems Manager,IT,Manufacturing,Male,United States,52200
E04358,Grayson Soto,34,Business Partner,Human Resources,Manufacturing,Male,United States,150855
E04662,Julia Morris,60,Sr. Manger,Human Resources,Corporate,Female,United States,65702
E01496,Ava Ortiz,53,Enterprise Architect,IT,Manufacturing,Female,United States,162038
E01870,Carson Chau,58,Director,Finance,Corporate,Male,China,157057
E03971,Lillian Chen,25,Sr. Manger,Marketing,Research & Development,Female,United States,127559
E03616,Josiah Lewis,46,Manager,IT,Research & Development,Male,United States,62644
E00153,Claire Jones,39,Field Engineer,Engineering,Corporate,Female,United States,73907
E02313,Jeremiah Lu,50,Network Architect,IT,Manufacturing,Male,China,90040
E02960,Nova Hill,56,Sr. Analyst,Accounting,Manufacturing,Female,United States,91134
E00096,Peyton Cruz,30,Development Engineer,Engineering,Manufacturing,Female,Brazil,201396
E02140,Naomi Zhao,45,Vice President,Human Resources,Speciality Products,Female,United States,54733
E00826,Rylee Bui,55,Analyst,Accounting,Corporate,Female,China,65341
E03881,Andrew Reed,28,System Administrator ,IT,Corporate,Male,United States,139208
E02604,Brooklyn Collins,59,Sr. Manger,Finance,Corporate,Female,United States,73200
E02613,John Jung,63,Sr. Analyst,Sales,Speciality Products,Male,China,102636
E00864,Samantha Aguilar,46,Manager,Accounting,Speciality Products,Female,United States,87427
E01760,Madeline Acosta,26,Sr. Account Representative,Sales,Speciality Products,Female,Brazil,49219
E03223,Ethan Joseph,45,IT Coordinator,IT,Research & Development,Male,United States,106437
E01262,Miles Mehta,50,Manager,Finance,Manufacturing,Male,China,64364
E01075,Joshua Juarez,46,Analyst II,Finance,Manufacturing,Male,Brazil,172180
E00364,Matthew Howard,50,Director,Human Resources,Manufacturing,Male,United States,88343
E04108,Jade Figueroa,33,Sr. Analyst,Sales,Manufacturing,Female,Brazil,66649
E02917,Everett Morales,57,Solutions Architect,IT,Speciality Products,Male,Brazil,102847
E03720,Genesis Hunter,48,Manager,Finance,Corporate,Female,United States,134881
E03393,Henry Figueroa,46,Sr. Manger,Finance,Manufacturing,Male,Brazil,68807
E02977,Nicholas Song,52,Analyst II,Marketing,Manufacturing,Male,China,228822
E03371,Jack Alexander,56,Vice President,IT,Manufacturing,Male,United States,43391
E02531,Jameson Foster,28,Analyst,Marketing,Manufacturing,Male,United States,91782
E02473,Leonardo Lo,29,Quality Engineer,Engineering,Speciality Products,Male,China,211637
E02468,Ella Huang,45,Vice President,Marketing,Corporate,Female,United States,73255
E01499,Liam Jordan,28,Computer Systems Manager,IT,Manufacturing,Male,United States,108826
E03697,Isaac Woods,28,Manager,Sales,Corporate,Male,United States,94352
E00593,Luke Wilson,34,Solutions Architect,IT,Speciality Products,Male,United States,73955
E01103,Lyla Alvarez,55,IT Systems Architect,IT,Research & Development,Female,United States,113909
E03889,Caleb Flores,34,Manager,Human Resources,Manufacturing,Male,Brazil,92321
E01958,Angel Lin,27,Network Administrator,IT,Manufacturing,Male,United States,99557
E01870,Easton Moore,52,Computer Systems Manager,IT,Research & Development,Male,United States,115854
E01167,Kinsley Collins,28,Automation Engineer,Engineering,Speciality Products,Female,United States,82462
E00099,Brooklyn Salazar,44,IT Systems Architect,IT,Manufacturing,Female,United States,198473
E00044,Scarlett Jenkins,53,Vice President,IT,Research & Development,Female,United States,153492
E00711,Melody Chin,43,Sr. Manger,Finance,Corporate,Female,United States,208210
E04795,Eloise Alexander,28,Vice President,Human Resources,Corporate,Female,United States,91632
E03912,Carter Turner,33,Sr. Analyst,Marketing,Corporate,Male,United States,71755
E02103,Andrew Ma,31,HRIS Analyst,Human Resources,Corporate,Male,China,111006
E04213,Hailey Xi,52,Manager,Accounting,Corporate,Female,China,99774
E04756,Aiden Le,55,Cloud Infrastructure Architect,IT,Corporate,Male,United States,184648
E04114,Christopher Lim,55,Director,IT,Research & Development,Male,China,247874
E01423,James Castillo,51,Vice President,IT,Manufacturing,Male,Brazil,62239
E03181,Greyson Dang,60,Development Engineer,Engineering,Manufacturing,Male,China,114911
E03305,Hannah King,31,Manager,Accounting,Speciality Products,Female,United States,115490
E00703,Wesley Dominguez,45,Engineering Manager,Engineering,Corporate,Male,United States,118708
E04403,Dominic Hu,34,Manager,Accounting,Speciality Products,Male,China,197649
E00103,Nora Park,29,Director,Accounting,Speciality Products,Female,United States,89841
E04487,Audrey Hwang,45,Sr. Analyst,Accounting,Speciality Products,Female,China,61026
E01194,Ella Jenkins,52,Analyst II,Finance,Speciality Products,Female,United States,96693
E02179,Peyton Owens,48,Controls Engineer,Engineering,Speciality Products,Female,United States,82907
E04242,Alice Lopez,48,Test Engineer,Engineering,Speciality Products,Female,United States,257194
E01371,Dominic Le,41,Vice President,Marketing,Corporate,Male,China,94658
E03065,Ezra Ortiz,41,Quality Engineer,Engineering,Research & Development,Male,United States,89419
E01377,Grayson Luu,55,Quality Engineer,Engineering,Research & Development,Male,China,51983
E03097,Brooks Stewart,45,HRIS Analyst,Human Resources,Manufacturing,Male,United States,179494
E01668,Naomi Xi,53,Director,Finance,Corporate,Female,China,68426
E03354,Silas Estrada,49,IT Systems Architect,IT,Corporate,Male,Brazil,144986
E02088,Skylar Ayala,55,Sr. Manger,Finance,Corporate,Female,United States,60113
E03980,Lydia Huynh,45,Account Representative,Sales,Speciality Products,Female,United States,50548
E00972,Hazel Cortez,52,HRIS Analyst,Human Resources,Research & Development,Female,Brazil,68846
E00824,Everleigh Adams,33,Analyst II,Marketing,Manufacturing,Female,United States,90901
E04359,Layla Salazar,59,Solutions Architect,IT,Corporate,Female,United States,102033
E03113,Willow Chen,50,Manager,Accounting,Corporate,Female,United States,151783
E01488,Penelope Griffin,61,Director,Sales,Manufacturing,Female,United States,170164
E01787,Lillian Romero,27,Director,Engineering,Corporate,Female,United States,155905
E03550,Stella Wu,35,Sr. Manger,Marketing,Speciality Products,Female,United States,50733
E01052,Parker Vang,40,Analyst,Sales,Corporate,Male,United States,88663
E04799,Mila Roberts,30,Sr. Business Partner,Human Resources,Corporate,Female,United States,88213
E03402,Isaac Liu,60,Field Engineer,Engineering,Manufacturing,Male,China,67130
E04128,Jacob Doan,55,Analyst II,Sales,Speciality Products,Male,United States,94876
E00013,Raelynn Ma,33,Sr. Analyst,Finance,Speciality Products,Female,United States,98230
E03114,Jameson Juarez,62,Development Engineer,Engineering,Speciality Products,Male,United States,96757
E04004,Everleigh Shah,36,Test Engineer,Engineering,Research & Development,Female,United States,51513
E04472,Alexander Foster,35,Analyst II,Marketing,Manufacturing,Male,United States,234311
E00161,Ryan Ha,60,Vice President,Marketing,Corporate,Male,United States,152353
E04417,Chloe Salazar,45,Sr. Manger,Human Resources,Speciality Products,Female,United States,124774
E04536,Layla Scott,48,Sr. Manger,Accounting,Speciality Products,Female,United States,157070
E02534,Leah Khan,36,Director,Marketing,Corporate,Female,China,130133
E02857,Mason Jimenez,44,Sr. Manger,Finance,Speciality Products,Male,United States,108780
E03059,Hailey Dang,64,Manager,Marketing,Manufacturing,Female,China,151853
E02477,Amelia Bui,46,Director,Engineering,Speciality Products,Female,China,64669
E00022,Elena Her,62,Account Representative,Sales,Manufacturing,Female,China,69352
E03370,Ian Cortez,61,Analyst II,Marketing,Research & Development,Male,Brazil,74631
E00555,Christian Ali,65,Analyst II,Marketing,Research & Development,Male,China,96441
E03160,Carter Ortiz,54,Quality Engineer,Engineering,Speciality Products,Male,Brazil,114250
E03919,Grayson Chan,46,Engineering Manager,Engineering,Speciality Products,Male,China,70165
E01724,Nolan Molina,36,Computer Systems Manager,IT,Corporate,Male,Brazil,109059
E04087,Adam Kaur,60,Manager,IT,Corporate,Male,China,77442
E02856,Amelia Kaur,30,Operations Engineer,Engineering,Research & Development,Female,United States,72126
E03805,Autumn Gonzales,34,Analyst II,Sales,Corporate,Female,Brazil,70334
E00319,Ezra Wilson,55,Service Desk Analyst,IT,Manufacturing,Male,United States,78006
E01090,Jacob Cheng,59,Quality Engineer,Engineering,Research & Development,Male,United States,160385
E04323,Melody Valdez,28,Director,IT,Manufacturing,Female,United States,202323
E02687,Caroline Nelson,36,Vice President,Finance,Corporate,Female,United States,141555
E01407,Ellie Guerrero,29,Sr. Manger,Human Resources,Corporate,Female,Brazil,184960
E02748,Genesis Zhu,34,Director,Finance,Speciality Products,Female,United States,221592
E01995,Jonathan Ho,37,Vice President,IT,Manufacturing,Male,United States,53301
E01714,Savannah Park,44,HRIS Analyst,Human Resources,Manufacturing,Female,United States,91276
E04491,Nathan Chan,45,Cloud Infrastructure Architect,IT,Corporate,Male,United States,140042
E01076,Sofia Vu,52,Sr. Manger,Human Resources,Research & Development,Female,United States,57225
E04131,Ruby Choi,40,Analyst,Accounting,Manufacturing,Female,United States,102839
E02843,Lily Pena,55,Manager,Human Resources,Speciality Products,Female,United States,199783
E03758,Liam Zhang,29,Director,Marketing,Research & Development,Male,United States,70980
E02063,Ian Gutierrez,32,Sr. Business Partner,Human Resources,Research & Development,Male,Brazil,104431
E00638,David Simmons,51,Manager,Marketing,Corporate,Male,United States,48510
E03571,Lincoln Henderson,28,Business Partner,Human Resources,Speciality Products,Male,United States,70110
E01820,Nathan Miller,27,Quality Engineer,Engineering,Speciality Products,Male,United States,186138
E01712,James Singh,45,Director,Marketing,Corporate,Male,China,56350
E00184,Kayden Ortega,58,Analyst,Accounting,Manufacturing,Male,Brazil,149761
E02706,Lucy Figueroa,45,Sr. Manger,Finance,Research & Development,Female,United States,126277
E02899,Joshua Cortez,44,Sr. Manger,Finance,Corporate,Male,Brazil,119631
E02478,Alexander Morris,33,Manager,Sales,Speciality Products,Male,United States,256561
E04170,Grayson Chin,26,Vice President,IT,Research & Development,Male,United States,66958
E00929,Allison Espinoza,45,Solutions Architect,IT,Speciality Products,Female,United States,158897
E00530,Naomi Chu,46,Sr. Manger,Sales,Manufacturing,Female,China,71695
E03824,Jameson Martin,37,Technical Architect,IT,Corporate,Male,United States,73779
E02492,Sebastian Gupta,40,Sr. Analyst,Marketing,Corporate,Male,China,123640
E01733,Eloise Pham,45,Manager,Sales,Speciality Products,Female,China,46878
E02857,Valentina Davis,33,Analyst,Sales,Speciality Products,Female,United States,57032
E04938,Brooklyn Daniels,64,Analyst,Marketing,Speciality Products,Female,United States,98150
E04952,Paisley Gomez,57,Sr. Analyst,Sales,Manufacturing,Female,Brazil,171426
E02420,Madison Li,35,Director,Marketing,Manufacturing,Female,China,48266
E01639,Everleigh Simmons,55,Analyst,Finance,Manufacturing,Female,United States,223404
E03947,Logan Soto,36,Vice President,Finance,Research & Development,Male,United States,74854
E04535,Charlotte Vo,57,System Administrator ,IT,Speciality Products,Female,United States,217783
E00380,Alice Thompson,48,Vice President,Accounting,Speciality Products,Female,United States,44735
E01432,Peyton Garza,53,Systems Analyst,IT,Manufacturing,Female,Brazil,50685
E02628,Nora Nelson,41,Analyst II,Finance,Manufacturing,Female,United States,58993
E03578,Maverick Li,34,Analyst II,Sales,Research & Development,Male,United States,115765
E03563,Ian Barnes,47,Operations Engineer,Engineering,Corporate,Male,United States,193044
E02781,Athena Vu,63,Director,Accounting,Manufacturing,Female,United States,56686
E04739,Ruby Washington,65,Analyst,Marketing,Research & Development,Female,United States,131652
E02665,Bella Butler,33,Sr. Manger,Finance,Manufacturing,Female,United States,150577
E04132,Kinsley Henry,45,Director,Marketing,Manufacturing,Female,United States,87359
E00276,Kennedy Romero,37,Engineering Manager,Engineering,Research & Development,Female,Brazil,51877
E04277,Zoe Do,60,Analyst II,Sales,Speciality Products,Female,China,86417
E03890,Everett Khan,43,Solutions Architect,IT,Manufacturing,Male,United States,96548
E02012,Anna Han,65,System Administrator ,IT,Research & Development,Female,United States,92940
E02881,Leilani Sharma,43,Sr. Analyst,Accounting,Manufacturing,Female,China,61410
E03750,Jordan Cho,28,Analyst II,Accounting,Speciality Products,Male,United States,110302
E00605,Nova Williams,61,Manager,Finance,Speciality Products,Female,United States,187205
E04641,Scarlett Hill,45,Director,Engineering,Speciality Products,Female,United States,81687
E01019,Dominic Scott,45,Sr. Analyst,Sales,Corporate,Male,United States,241083
E01519,Anthony Marquez,54,Vice President,IT,Speciality Products,Male,United States,223805
E03694,Elena Patterson,38,Vice President,Finance,Speciality Products,Female,United States,161759
E01123,Madison Nelson,27,Director,Accounting,Corporate,Female,United States,95899
E01366,William Walker,40,Computer Systems Manager,IT,Research & Development,Male,United States,80700
E04005,Lincoln Wong,49,Sr. Analyst,Finance,Corporate,Male,United States,128136
E02770,James Huang,54,Manager,Human Resources,Speciality Products,Male,China,58745
E04018,Emery Ford,39,Analyst II,Marketing,Corporate,Female,United States,76202
E01591,Paisley Trinh,57,Technical Architect,IT,Corporate,Female,United States,195200
E04940,Hudson Williams,36,Vice President,Sales,Speciality Products,Male,United States,71454
E03465,Harper Phan,45,Analyst II,Finance,Manufacturing,Female,China,94652
E03870,Madeline Allen,30,Cloud Infrastructure Architect,IT,Manufacturing,Female,United States,63411
E01927,Charles Moore,34,Technical Architect,IT,Manufacturing,Male,United States,67171
E03064,Lincoln Fong,31,Analyst II,Sales,Speciality Products,Male,China,152036
E01883,Isla Guzman,28,Sr. Manger,Accounting,Speciality Products,Female,Brazil,95562
E03984,Hailey Foster,55,Controls Engineer,Engineering,Manufacturing,Female,United States,96092
E00446,Hudson Hill,30,Sr. Analyst,Sales,Research & Development,Male,United States,254289
E02825,Wyatt Li,63,Vice President,Engineering,Manufacturing,Male,United States,69110
E04174,Maverick Henry,26,Computer Systems Manager,IT,Research & Development,Male,United States,236314
E01899,Xavier Jackson,52,Vice President,Marketing,Speciality Products,Male,United States,45206
E02562,Christian Medina,51,Analyst,Marketing,Corporate,Male,United States,210708
E01006,Autumn Leung,25,Vice President,Finance,Research & Development,Female,United States,87770
E02903,Robert Vazquez,40,System Administrator ,IT,Corporate,Male,United States,106858
E03642,Aria Roberts,38,Manager,Accounting,Corporate,Female,United States,155788
E02884,Axel Johnson,60,Director,Human Resources,Corporate,Male,United States,74891
E00701,Madeline Garcia,45,Sr. Business Partner,Human Resources,Speciality Products,Female,Brazil,95670
E04720,Christopher Chung,28,Controls Engineer,Engineering,Corporate,Male,United States,67837
E01985,Eliana Turner,65,Account Representative,Sales,Research & Development,Female,United States,72425
E03273,Daniel Shah,41,Analyst II,Sales,Research & Development,Male,China,93103
E02415,Penelope Gonzalez,52,Sr. Analyst,Sales,Corporate,Female,United States,76272
E02877,Mila Allen,56,Controls Engineer,Engineering,Corporate,Female,United States,55760
E00091,Emilia Chu,48,Analyst II,Finance,Manufacturing,Female,United States,253294
E02563,Emily Clark,36,Vice President,Accounting,Corporate,Female,United States,58671
E04221,Roman King,60,Analyst II,Finance,Corporate,Male,United States,55457
E04887,Emery Do,40,Account Representative,Sales,Research & Development,Female,United States,72340
E03170,Autumn Thao,63,Account Representative,Sales,Manufacturing,Female,United States,122054
E01636,Naomi Coleman,29,Manager,Marketing,Corporate,Female,United States,167100
E01387,Cora Zheng,27,Director,IT,Manufacturing,Female,China,78153
E01363,Ayla Daniels,53,Technical Architect,IT,Corporate,Female,United States,103524
E02249,Allison Daniels,37,Manager,Finance,Manufacturing,Female,United States,119906
E02987,Mateo Harris,30,Manager,IT,Corporate,Male,United States,45061
E03655,Samantha Rogers,28,Analyst,Marketing,Speciality Products,Female,United States,91399
E04048,Julian Lee,51,IT Systems Architect,IT,Corporate,Male,United States,97336
E03626,Nicholas Avila,28,Enterprise Architect,IT,Research & Development,Male,United States,124629
E03694,Hailey Watson,31,Sr. Manger,Accounting,Corporate,Female,United States,231850
E02920,Willow Woods,28,Vice President,Human Resources,Speciality Products,Female,United States,128329
E03220,Alexander Gonzales,34,Manager,Accounting,Research & Development,Male,United States,186033
E01347,Aiden Gonzales,44,Vice President,Marketing,Speciality Products,Male,Brazil,121480
E03968,Joshua Chin,60,Sr. Manger,Marketing,Manufacturing,Male,United States,153275
E04299,Paisley Hall,41,Director,Human Resources,Speciality Products,Female,United States,97830
E01150,Allison Leung,62,Sr. Analyst,Sales,Research & Development,Female,United States,239394
E03774,Hannah Mejia,47,Vice President,Marketing,Corporate,Female,United States,49738
E01638,Elizabeth Huang,62,Analyst,Finance,Speciality Products,Female,China,45049
E01877,Abigail Garza,33,Analyst,Accounting,Manufacturing,Female,United States,153628
E01193,Raelynn Lu,27,Director,Finance,Research & Development,Female,China,142731
E01789,Charles Luu,25,Sr. Manger,Sales,Manufacturing,Male,China,137106
E01422,Lydia Espinoza,29,Sr. Manger,Marketing,Speciality Products,Female,Brazil,183239
E00440,Adeline Thao,54,Vice President,Finance,Corporate,Female,United States,45819
E00145,Kinsley Dixon,28,Analyst,Accounting,Manufacturing,Female,United States,55518
E04150,Natalia Vu,54,Analyst,Accounting,Research & Development,Female,United States,108134
E02846,Julia Mai,50,Manager,Marketing,Manufacturing,Female,China,113950
E04247,Camila Evans,55,Manager,Marketing,Research & Development,Female,United States,182035
E02613,Everly Lai,52,Vice President,Marketing,Speciality Products,Female,United States,181356
E03349,Adam He,35,Director,Accounting,Speciality Products,Male,China,66084
E03648,Vivian Hunter,26,Account Representative,Sales,Corporate,Female,United States,76912
E02192,Lucy Avila,43,Solutions Architect,IT,Speciality Products,Female,Brazil,67987
E03981,Eliana Li,63,Test Engineer,Engineering,Research & Development,Female,United States,59833
E03262,Logan Mitchell,65,Analyst II,Marketing,Manufacturing,Male,United States,128468
E02716,Dominic Dinh,45,Sr. Manger,Marketing,Speciality Products,Male,United States,102440
E00245,Lucas Daniels,42,Manager,Sales,Corporate,Male,United States,246619
E04123,Andrew Holmes,59,Vice President,IT,Speciality Products,Male,United States,101143
E03471,Julia Sandoval,42,Manager,Human Resources,Corporate,Female,United States,51404
E00717,Kennedy Vargas,45,Business Partner,Human Resources,Manufacturing,Female,Brazil,87292
E01966,Thomas Williams,45,Field Engineer,Engineering,Speciality Products,Male,United States,182321
E03683,Raelynn Hong,28,Director,Marketing,Speciality Products,Female,China,53929
E03694,Eli Reed,51,Systems Analyst,IT,Corporate,Male,United States,191571
E04766,Lyla Yoon,38,Vice President,Accounting,Manufacturing,Female,United States,150555
E01465,Hannah White,62,Sr. Manger,Accounting,Corporate,Female,United States,122890
E00206,Theodore Xi,52,Manager,Finance,Corporate,Male,China,216999
E04088,Ezra Liang,52,Vice President,Finance,Research & Development,Male,United States,110565
E02066,Grayson Yee,48,Manager,Human Resources,Corporate,Male,China,48762
E03227,Eli Richardson,38,IT Coordinator,IT,Speciality Products,Male,United States,87036
E03364,Audrey Lee,51,Development Engineer,Engineering,Speciality Products,Female,China,177443
E00607,Jameson Allen,32,Director,Marketing,Speciality Products,Male,United States,75862
E02258,Eliza Chen,36,Enterprise Architect,IT,Research & Development,Female,United States,90870
E03681,Lyla Chen,45,Sr. Business Partner,Human Resources,Research & Development,Female,United States,99202
E02298,Emily Doan,32,Engineering Manager,Engineering,Corporate,Female,United States,92293
E02984,Jack Mai,45,Sr. Analyst,Marketing,Corporate,Male,China,63196
E02440,Grayson Turner,54,Solutions Architect,IT,Corporate,Male,United States,65340
E04699,Ivy Tang,48,Development Engineer,Engineering,Speciality Products,Female,China,202680
E03579,Robert Zhang,45,Vice President,Marketing,Corporate,Male,United States,77461
E01649,Eva Alvarado,46,Computer Systems Manager,IT,Manufacturing,Female,Brazil,109680
E04969,Abigail Vang,40,Operations Engineer,Engineering,Research & Development,Female,China,159567
E00170,Claire Adams,61,Director,Sales,Manufacturing,Female,United States,94407
E00955,Theodore Marquez,54,Development Engineer,Engineering,Speciality Products,Male,Brazil,234594
E00810,Hunter Nunez,62,Vice President,Human Resources,Corporate,Male,United States,43080
E02798,Charles Henderson,48,Systems Analyst,IT,Speciality Products,Male,United States,129541
E04542,Camila Cortez,29,Manager,Marketing,Manufacturing,Female,United States,165756
E02818,Aaron Garza,39,Director,Sales,Research & Development,Male,United States,142878
E02907,Jose Singh,44,Sr. Manger,Finance,Speciality Products,Male,United States,187992
E00023,Gabriel Joseph,52,Director,Engineering,Manufacturing,Male,United States,249801
E02391,Natalia Santos,45,Vice President,Human Resources,Speciality Products,Female,Brazil,76505
E01429,Dylan Wilson,48,Network Administrator,IT,Research & Development,Male,United States,84297
E00494,Robert Alvarez,39,Service Desk Analyst,IT,Corporate,Male,Brazil,75769
E00634,Samantha Chavez,53,Sr. Analyst,Sales,Speciality Products,Female,Brazil,235619
E01249,Samuel Bailey,41,Vice President,Accounting,Speciality Products,Male,United States,187187
E04683,Ezekiel Delgado,40,Director,Engineering,Speciality Products,Male,Brazil,68987
E04732,Benjamin Ramirez,48,Network Engineer,IT,Research & Development,Male,United States,155926
E03834,Anthony Carter,41,Director,Engineering,Speciality Products,Male,United States,93668
E02923,Ethan Tang,54,Sr. Analyst,Accounting,Speciality Products,Male,United States,69647
E02642,Sebastian Rogers,38,HRIS Analyst,Human Resources,Research & Development,Male,United States,63318
E00981,Miles Thao,57,System Administrator ,IT,Corporate,Male,United States,77629
E04157,William Cao,63,Sr. Analyst,Marketing,Manufacturing,Male,China,138808
E03528,Leo Hsu,62,Sr. Manger,Human Resources,Manufacturing,Male,China,88777
E04547,Avery Grant,49,Enterprise Architect,IT,Research & Development,Female,United States,186378
E04415,Penelope Fong,60,Director,Accounting,Corporate,Female,China,60017
E04484,Vivian Thao,45,Quality Engineer,Engineering,Research & Development,Female,United States,148991
E02800,Eva Estrada,45,Sr. Manger,Sales,Speciality Products,Female,Brazil,97398
E04926,Emma Luna,52,Field Engineer,Engineering,Speciality Products,Female,Brazil,72805
E01268,Charlotte Wu,63,Sr. Business Partner,Human Resources,Manufacturing,Female,China,72131
E04853,Vivian Chu,46,Sr. Account Representative,Sales,Research & Development,Female,China,104668
E01209,Jayden Williams,64,Manager,Human Resources,Manufacturing,Male,United States,89769
E02024,Amelia Bell,53,Sr. Analyst,Sales,Manufacturing,Female,United States,127616
E02427,Addison Mehta,27,Manager,Sales,Corporate,Female,United States,109883
E00276,Alexander Jackson,45,Manager,Human Resources,Corporate,Male,United States,47974
E00951,Everly Lin,25,Business Partner,Human Resources,Manufacturing,Female,China,120321
E03248,Lyla Stewart,43,Sr. Manger,IT,Speciality Products,Female,United States,57446
E04444,Brooklyn Ruiz,61,IT Coordinator,IT,Manufacturing,Female,United States,174099
E02307,Skylar Evans,42,Director,Accounting,Research & Development,Female,United States,128703
E02375,Lincoln Huynh,63,Sr. Manger,Finance,Manufacturing,Male,United States,65247
E02276,Hazel Griffin,32,Field Engineer,Engineering,Corporate,Female,United States,64247
E02649,Charles Gonzalez,27,Quality Engineer,Engineering,Research & Development,Male,Brazil,118253
E00503,Leah Patterson,33,Manager,Human Resources,Research & Development,Female,United States,109422
E01706,Avery Sun,45,Operations Engineer,Engineering,Manufacturing,Female,China,126950
E00676,Isaac Yoon,41,Manager,Human Resources,Corporate,Male,United States,97500
E02005,Isabella Bui,36,Enterprise Architect,IT,Manufacturing,Female,United States,41844
E01895,Gabriel Zhou,25,IT Coordinator,IT,Manufacturing,Male,China,58875
E01396,Jack Vu,43,Analyst II,Accounting,Research & Development,Male,China,64204
E00749,Valentina Moua,37,Account Representative,Sales,Manufacturing,Female,United States,67743
E01941,Quinn Trinh,42,Analyst II,Sales,Corporate,Female,China,71677
E01413,Caroline Nelson,60,Sr. Account Representative,Sales,Speciality Products,Female,United States,40063
E03928,Miles Dang,61,IT Coordinator,IT,Speciality Products,Male,United States,40124
E04109,Leah Bryant,55,IT Coordinator,IT,Manufacturing,Female,United States,103183
E03994,Henry Jung,57,Automation Engineer,Engineering,Manufacturing,Male,United States,95239
E00639,Benjamin Mai,54,System Administrator ,IT,Corporate,Male,United States,75012
E00608,Anna Han,29,Development Engineer,Engineering,Manufacturing,Female,United States,96366
E04189,Ariana Kim,33,Network Architect,IT,Manufacturing,Female,China,40897
E02732,Alice Tran,39,Analyst,Marketing,Corporate,Female,United States,124928
E00324,Hailey Song,37,Manager,Finance,Research & Development,Female,China,108221
E00518,Lydia Morales,51,Manager,Finance,Speciality Products,Female,Brazil,75579
E01286,Liam Sanders,46,Sr. Business Partner,Human Resources,Corporate,Male,United States,129903
E04564,Luke Sanchez,41,Sr. Manger,Human Resources,Manufacturing,Male,Brazil,186870
E02033,Grace Sun,25,Director,Finance,Research & Development,Female,China,57531
E00412,Ezra Banks,37,Analyst II,Sales,Research & Development,Male,United States,55894
E01844,Jayden Kang,46,Analyst,Finance,Research & Development,Male,United States,72903
E00667,Skylar Shah,42,Field Engineer,Engineering,Manufacturing,Female,United States,45369
E02639,Sebastian Le,37,Analyst,Finance,Corporate,Male,China,106578
E00287,Luca Nelson,60,Manager,Finance,Speciality Products,Male,United States,92994
E02235,Riley Ramirez,52,Sr. Business Partner,Human Resources,Research & Development,Female,United States,83685
E02720,Jaxon Fong,59,Sr. Analyst,Sales,Speciality Products,Male,China,99335
E03583,Kayden Jordan,48,Cloud Infrastructure Architect,IT,Research & Development,Male,United States,131179
E01188,Alexander James,42,Sr. Manger,Human Resources,Manufacturing,Male,United States,73899
E02428,Connor Luu,35,Computer Systems Manager,IT,Speciality Products,Male,China,252325
E03289,Christopher Lam,64,Vice President,Accounting,Manufacturing,Male,United States,52697
E01947,Sophie Owens,30,Analyst II,Finance,Research & Development,Female,United States,123588
E02024,Addison Perez,29,Operations Engineer,Engineering,Speciality Products,Female,Brazil,243568
E04249,Hadley Dang,47,Vice President,Accounting,Corporate,Female,United States,199176
E01090,Ethan Mehta,49,Director,Sales,Research & Development,Male,United States,82806
E03830,Madison Her,56,Technical Architect,IT,Speciality Products,Female,United States,164399
E04363,Savannah Singh,53,Director,Marketing,Speciality Products,Female,United States,154956
E04920,Nevaeh Hsu,32,Sr. Manger,Human Resources,Manufacturing,Female,United States,143970
E03866,Jordan Zhu,32,Sr. Manger,Marketing,Manufacturing,Male,United States,163143
E03521,Jackson Navarro,52,Director,Sales,Corporate,Male,Brazil,89390
E04095,Sadie Patterson,38,Sr. Analyst,Accounting,Speciality Products,Female,United States,67468
E04079,Christopher Butler,41,Network Architect,IT,Manufacturing,Male,United States,100810
E01508,Penelope Rodriguez,49,Engineering Manager,Engineering,Manufacturing,Female,Brazil,74779
E02259,Emily Lau,35,Sr. Analyst,Finance,Manufacturing,Female,United States,63985
E04972,Sophie Oh,29,Network Engineer,IT,Corporate,Female,United States,77903
E01834,Chloe Allen,64,Solutions Architect,IT,Manufacturing,Female,United States,164396
E03124,Caleb Nelson,33,Director,Marketing,Corporate,Male,United States,71234
E01898,Oliver Moua,29,IT Systems Architect,IT,Corporate,Male,United States,122487
E00342,Wesley Doan,63,Manager,Finance,Corporate,Male,China,101870
E03910,Nova Hsu,32,Manager,Human Resources,Speciality Products,Female,United States,40316
E00862,Levi Moreno,64,Systems Analyst,IT,Research & Development,Male,Brazil,115145
E02576,Gianna Ha,55,Manager,IT,Research & Development,Female,China,62335
E00035,Lillian Gonzales,43,Cloud Infrastructure Architect,IT,Manufacturing,Female,Brazil,41561
E01832,Ezra Singh,56,Analyst,Finance,Manufacturing,Male,United States,131183
E01755,Audrey Patel,37,Sr. Manger,Finance,Speciality Products,Female,China,92655
E00465,Brooklyn Cho,45,Technical Architect,IT,Manufacturing,Female,China,157057
E02391,Piper Ramos,49,Sr. Manger,Sales,Manufacturing,Female,United States,64462
E04697,Eleanor Williams,61,Enterprise Architect,IT,Speciality Products,Female,United States,79352
E00371,Melody Grant,41,Quality Engineer,Engineering,Corporate,Female,United States,157812
E02992,Paisley Sanders,55,Sr. Manger,Marketing,Speciality Products,Female,United States,80745
E04369,Santiago f Gray,27,Quality Engineer,Engineering,Corporate,Male,United States,75354
E00592,Josephine Richardson,57,System Administrator ,IT,Manufacturing,Female,United States,78938
E03532,Jaxson Santiago,56,Engineering Manager,Engineering,Research & Development,Male,United States,96313
E00863,Lincoln Ramos,59,Operations Engineer,Engineering,Corporate,Male,United States,153767
E03310,Dylan Campbell,45,Director,Engineering,Speciality Products,Male,United States,103423
E01883,Olivia Gray,42,Manager,Marketing,Research & Development,Female,United States,86464
E01242,Emery Doan,25,Controls Engineer,Engineering,Corporate,Female,China,80516
E02535,Caroline Perez,29,Controls Engineer,Engineering,Corporate,Female,Brazil,105390
E00369,Genesis Woods,33,Manager,Human Resources,Speciality Products,Female,United States,83418
E03332,Ruby Sun,50,Cloud Infrastructure Architect,IT,Manufacturing,Female,China,66660
E03278,Nevaeh James,45,Solutions Architect,IT,Speciality Products,Female,United States,101985
E02492,Parker Sandoval,59,Manager,Human Resources,Speciality Products,Male,United States,199504
E03055,Austin Rojas,29,Vice President,Finance,Corporate,Male,United States,147966
E01943,Vivian Espinoza,52,Sr. Manger,Sales,Corporate,Female,Brazil,41728
E01388,Cooper Gupta,58,Business Partner,Human Resources,Speciality Products,Male,China,94422
E00717,Axel Santos,62,Sr. Analyst,Accounting,Speciality Products,Male,United States,191026
E04637,Samuel Song,31,Director,Sales,Corporate,Male,United States,186725
E03240,Aiden Silva,42,Vice President,IT,Research & Development,Male,Brazil,52800
E00340,Eliana Allen,56,Business Partner,Human Resources,Research & Development,Female,United States,113982
E04751,Grayson James,54,Operations Engineer,Engineering,Speciality Products,Male,United States,56239
E04636,Hailey Yee,54,Account Representative,Sales,Research & Development,Female,China,44732
E00568,Ian Vargas,26,Analyst,Sales,Manufacturing,Male,Brazil,153961
E02938,John Trinh,49,Director,Marketing,Corporate,Male,China,68337
E00555,Sofia Trinh,45,Network Architect,IT,Speciality Products,Female,China,145093
E01111,Santiago f Moua,45,Sr. Manger,Human Resources,Corporate,Male,United States,74170
E03149,Layla Collins,26,IT Systems Architect,IT,Speciality Products,Female,United States,62605
E00952,Jaxon Powell,59,Field Engineer,Engineering,Research & Development,Male,United States,107195
E04380,Naomi Washington,51,Manager,IT,Speciality Products,Female,United States,127422
E04095,Ryan Holmes,45,Sr. Manger,Marketing,Speciality Products,Male,United States,161269
E04994,Bella Holmes,35,Director,Accounting,Research & Development,Female,United States,203445
E00447,Hailey Sanchez,32,Vice President,Marketing,Corporate,Female,Brazil,131353
E00089,Sofia Yoon,37,Sr. Manger,Human Resources,Research & Development,Female,China,88182
E02035,Eli Rahman,45,Service Desk Analyst,IT,Manufacturing,Male,China,75780
E03595,Christopher Howard,61,Enterprise Architect,IT,Speciality Products,Male,United States,52621
E03611,Alice Mehta,45,Analyst II,Sales,Research & Development,Female,China,106079
E04464,Cooper Yoon,60,Engineering Manager,Engineering,Research & Development,Male,United States,92058
E02135,John Delgado,30,Cloud Infrastructure Architect,IT,Corporate,Male,United States,67114
E01684,Jaxson Liang,64,Field Engineer,Engineering,Manufacturing,Male,United States,56565
E02968,Caroline Santos,25,Analyst II,Finance,Research & Development,Female,Brazil,64937
E03362,Lily Henderson,61,HRIS Analyst,Human Resources,Manufacturing,Female,United States,127626
E01108,Hannah Martinez,65,Manager,Marketing,Manufacturing,Female,United States,88478
E02217,William Phillips,61,Network Architect,IT,Corporate,Male,United States,91679
E03519,Eliza Zheng,48,Computer Systems Manager,IT,Speciality Products,Female,China,199848
E01967,John Dang,58,Director,Sales,Corporate,Male,China,61944
E01125,Joshua Yang,34,Network Engineer,IT,Manufacturing,Male,China,154624
E03795,Hazel Young,30,Sr. Manger,Sales,Speciality Products,Female,United States,79447
E00508,Thomas Jung,50,Sr. Analyst,Accounting,Research & Development,Male,China,71111
E02047,Xavier Perez,51,Sr. Analyst,Sales,Manufacturing,Male,Brazil,159538
E01582,Elijah Coleman,53,Sr. Manger,Sales,Research & Development,Male,United States,111404
E02563,Clara Sanchez,47,Controls Engineer,Engineering,Corporate,Female,Brazil,172007
E04872,Isaac Stewart,25,Director,Marketing,Speciality Products,Male,United States,219474
E03159,Claire Romero,37,Vice President,Marketing,Manufacturing,Female,Brazil,174415
E01337,Andrew Coleman,41,Director,Finance,Corporate,Male,United States,90333
E00102,Riley Rojas,36,Network Architect,IT,Speciality Products,Female,Brazil,67299
E03637,Landon Thao,25,HRIS Analyst,Human Resources,Speciality Products,Male,United States,45286
E03455,Hadley Ford,52,Systems Analyst,IT,Research & Development,Female,United States,194723
E03354,Austin Brown,48,Director,Marketing,Research & Development,Male,United States,109850
E01225,Christian Fong,49,Manager,Sales,Research & Development,Male,China,45295
E01264,Hazel Alvarez,62,Business Partner,Human Resources,Research & Development,Female,Brazil,61310
E02274,Isabella Bailey,36,Network Administrator,IT,Manufacturing,Female,United States,87851
E02848,Lincoln Huynh,55,System Administrator ,IT,Research & Development,Male,China,47913
E00480,Hadley Yee,31,Business Partner,Human Resources,Speciality Products,Female,United States,46727
E00203,Julia Doan,53,Business Partner,Human Resources,Speciality Products,Female,United States,133400
E00647,Dylan Ali,27,Sr. Manger,Human Resources,Speciality Products,Male,United States,90535
E03296,Eloise Trinh,39,Solutions Architect,IT,Speciality Products,Female,United States,93343
E02453,Dylan Kumar,55,Sr. Analyst,Marketing,Speciality Products,Male,China,63705
E00647,Emily Gupta,44,HRIS Analyst,Human Resources,Corporate,Female,United States,258081
E02522,Silas Rivera,48,Vice President,Sales,Corporate,Male,United States,54654
E00459,Jackson Jordan,48,Business Partner,Human Resources,Research & Development,Male,United States,58006
E03007,Isaac Joseph,54,Analyst,Sales,Manufacturing,Male,United States,150034
E04035,Hailey Lai,42,Sr. Manger,Finance,Manufacturing,Female,China,198562
E00952,Leilani Thao,38,Director,Human Resources,Speciality Products,Female,United States,62411
E03863,Madeline Watson,40,Account Representative,Sales,Research & Development,Female,United States,111299
E02710,Silas Huang,57,Engineering Manager,Engineering,Research & Development,Male,United States,41545
E01895,Peyton Walker,43,Analyst,Marketing,Research & Development,Female,United States,74467
E01339,Jeremiah Hernandez,26,Network Engineer,IT,Manufacturing,Male,United States,117545
E02938,Jace Washington,44,Manager,Accounting,Research & Development,Male,United States,117226
E03379,Landon Kim,50,Manager,Human Resources,Speciality Products,Male,United States,55767
E02153,Peyton Vasquez,26,Analyst,Accounting,Corporate,Female,United States,60930
E00994,Charlotte Baker,29,Analyst II,Sales,Manufacturing,Female,United States,154973
E00943,Elena Mendoza,27,Director,Sales,Speciality Products,Female,Brazil,69332
E00869,Nova Lin,33,Cloud Infrastructure Architect,IT,Manufacturing,Female,United States,119699
E03457,Ivy Desai,59,Controls Engineer,Engineering,Research & Development,Female,China,198176
E02193,Josephine Acosta,40,Director,Human Resources,Speciality Products,Female,Brazil,58586
E00577,Nora Nunez,45,Analyst II,Finance,Research & Development,Female,Brazil,74010
E00538,Caleb Xiong,38,Sr. Account Representative,Sales,Corporate,Male,United States,96598
E01415,Henry Green,32,Sr. Account Representative,Sales,Speciality Products,Male,United States,106444
E00717,Madelyn Chan,64,Manager,Sales,Speciality Products,Female,United States,156931
E00225,Angel Delgado,31,Director,Finance,Corporate,Male,United States,171360
E02889,Mia Herrera,43,Director,Marketing,Research & Development,Female,Brazil,64505
E04978,Peyton Harris,45,Enterprise Architect,IT,Research & Development,Female,United States,102298
E04163,David Herrera,32,Engineering Manager,Engineering,Speciality Products,Male,Brazil,133297
E01652,Avery Dominguez,27,Sr. Manger,Sales,Corporate,Female,Brazil,155080
E00880,Grace Carter,25,Sr. Manger,Human Resources,Speciality Products,Female,United States,81828
E04335,Parker Allen,31,Sr. Analyst,Sales,Speciality Products,Male,United States,149417
E01300,Sadie Lee,65,Sr. Manger,Marketing,Corporate,Female,China,113269
E03102,Cooper Valdez,50,Manager,Sales,Corporate,Male,Brazil,136716
E04089,Sebastian Fong,46,Sr. Manger,IT,Manufacturing,Male,United States,122644
E02059,Roman Munoz,54,Sr. Manger,Sales,Speciality Products,Male,United States,106428
E03894,Charlotte Chang,50,Manager,Sales,Research & Development,Female,United States,238236
E03106,Xavier Davis,36,Vice President,Finance,Corporate,Male,United States,153253
E01350,Natalie Carter,64,Director,Finance,Corporate,Female,United States,103707
E02900,Elena Richardson,34,Manager,Accounting,Manufacturing,Female,United States,245360
E02202,Emilia Bailey,41,Vice President,Accounting,Speciality Products,Female,United States,67275
E02696,Ryan Lu,25,Development Engineer,Engineering,Speciality Products,Male,United States,101288
E01722,Asher Huynh,45,Manager,IT,Manufacturing,Male,United States,177443
E04562,Kinsley Martinez,52,Director,Human Resources,Speciality Products,Female,Brazil,91400
E00640,Paisley Bryant,37,Cloud Infrastructure Architect,IT,Manufacturing,Female,United States,181247
E02554,Joshua Ramirez,44,Vice President,Human Resources,Corporate,Male,Brazil,135558
E03412,Joshua Martin,42,Sr. Manger,Human Resources,Research & Development,Male,United States,56878
E00646,Charles Moore,49,Analyst,Accounting,Speciality Products,Male,United States,94735
E04670,Angel Do,34,IT Systems Architect,IT,Speciality Products,Male,China,51234
E03580,Maverick Medina,39,Analyst II,Sales,Manufacturing,Male,United States,230025
E00446,Isaac Han,31,Vice President,Human Resources,Speciality Products,Male,United States,134006
E02363,Eliza Liang,36,Sr. Manger,Human Resources,Speciality Products,Female,China,103096
E03718,Zoe Zhou,61,Manager,Finance,Corporate,Female,China,58703
E01749,Nathan Lee,29,Analyst,Accounting,Manufacturing,Male,United States,132544
E02888,Elijah Ramos,33,Sr. Manger,IT,Speciality Products,Male,Brazil,126671
E01338,Jaxson Coleman,32,Manager,Finance,Manufacturing,Male,United States,56405
E03000,Hailey Hong,33,Account Representative,Sales,Research & Development,Female,United States,88730
E01611,Gabriella Zhu,36,Computer Systems Manager,IT,Speciality Products,Female,China,62861
E02684,Aaron Maldonado,39,Analyst II,Finance,Manufacturing,Male,United States,151246
E02561,Samantha Vargas,53,Director,Human Resources,Corporate,Female,Brazil,154388
E03168,Nora Le,53,Sr. Manger,IT,Manufacturing,Female,United States,162978
E00758,Alice Roberts,54,Director,Human Resources,Manufacturing,Female,United States,80170
E03691,Colton Garcia,55,Solutions Architect,IT,Speciality Products,Male,United States,98520
E01488,Stella Lai,44,Sr. Analyst,Accounting,Manufacturing,Female,United States,116527
E04415,Leonardo Luong,52,Manager,Finance,Manufacturing,Male,United States,174607
E03278,Nicholas Wong,27,Director,Sales,Research & Development,Male,United States,64202
E00282,Jeremiah Castillo,58,Analyst II,Accounting,Research & Development,Male,United States,50883
E03305,Cooper Jiang,49,Analyst II,Accounting,Corporate,Male,China,94618
E00559,Penelope Silva,36,Network Architect,IT,Speciality Products,Female,United States,151556
E02558,Jose Richardson,26,Director,Marketing,Research & Development,Male,United States,80659
E00956,Eleanor Chau,37,Development Engineer,Engineering,Research & Development,Female,United States,195385
E03858,John Cho,47,Director,Human Resources,Speciality Products,Male,China,52693
E02221,Julian Delgado,29,Systems Analyst,IT,Speciality Products,Male,Brazil,72045
E00126,Isabella Scott,58,Network Administrator,IT,Research & Development,Female,United States,62749
E02627,Parker Avila,47,Analyst II,Marketing,Manufacturing,Male,Brazil,154884
E03778,Luke Vu,52,Sr. Manger,Marketing,Speciality Products,Male,China,96566
E00481,Jameson Nelson,61,Network Architect,IT,Research & Development,Male,United States,54994
E02833,Adrian Fernandez,45,Systems Analyst,IT,Research & Development,Male,United States,61523
E03902,Madison Hunter,40,Network Administrator,IT,Corporate,Female,United States,190512
E02310,Jordan Phillips,45,Vice President,Human Resources,Corporate,Male,United States,124827
E02661,Maya Chan,37,Controls Engineer,Engineering,Speciality Products,Female,China,101577
E00836,Wesley King,57,Manager,Accounting,Manufacturing,Male,United States,105223
E00682,Sofia Fernandez,44,Manager,Accounting,Manufacturing,Female,United States,94815
E00287,Maverick Figueroa,48,IT Systems Architect,IT,Corporate,Male,United States,114893
E00785,Hannah Hoang,25,Manager,Accounting,Speciality Products,Female,China,80622
E04598,Violet Garcia,35,Sr. Analyst,Marketing,Speciality Products,Female,United States,246589
E03247,Aaliyah Mai,57,Vice President,IT,Speciality Products,Female,United States,119397
E02703,Austin Vang,49,Manager,Marketing,Speciality Products,Male,China,150666
E02191,Maria Sun,25,Director,Sales,Corporate,Female,China,148035
E00156,Madelyn Scott,46,Sr. Manger,IT,Research & Development,Female,United States,158898
E03349,Dylan Chin,60,Director,Finance,Corporate,Male,United States,89659
E04032,Emery Zhang,45,Field Engineer,Engineering,Corporate,Female,China,171487
E00005,Riley Washington,39,Director,Sales,Speciality Products,Female,United States,258498
E04354,Raelynn Rios,43,Vice President,Sales,Manufacturing,Female,United States,146961
E01578,Anthony Hong,37,Sr. Manger,IT,Research & Development,Male,United States,85369
E03430,Leo Herrera,48,Sr. Business Partner,Human Resources,Research & Development,Male,Brazil,67489
E03058,Robert Wright,30,Technical Architect,IT,Manufacturing,Male,United States,166259
E04762,Audrey Richardson,46,Director,IT,Manufacturing,Female,United States,47032
E01148,Scarlett Kumar,55,Systems Analyst,IT,Corporate,Female,United States,98427
E03094,Wesley Young,33,Sr. Analyst,Marketing,Speciality Products,Male,United States,47387
E01909,Lillian Khan,44,Analyst,Finance,Speciality Products,Female,China,176710
E04398,Oliver Yang,31,Director,Marketing,Speciality Products,Male,United States,95960
E02521,Lily Nguyen,33,Sr. Analyst,Finance,Speciality Products,Female,China,216195
E03545,Sofia Cheng,63,Vice President,Accounting,Corporate,Female,United States,0
